date,NetRF,NetInf,S65E,Palmer
2008-01-04,-0.27,144.38009997405572,151.63000000000002,0.59
2008-01-11,-0.2375,144.84004292830704,143.49714285714282,0.12
2008-01-18,-0.04999999999999999,198.60862644075016,131.28285714285707,0.62
2008-01-25,0.12,402.2727612241864,172.77,0.37
2008-02-01,-0.305,170.26857471989837,100.32571428571427,0.09
2008-02-08,-0.4075,115.0942932373187,89.03571428571429,-0.37
2008-02-15,0.4325,1006.0883298451745,205.75714285714307,-0.8
2008-02-22,-0.2975,973.6682319517073,129.64714285714288,-1.08
2008-02-29,-0.6525000000000001,972.2369369141145,118.18000000000004,-1.3
2008-03-07,0.37499999999999994,914.9156383736093,167.80714285714288,-1.41
2008-03-14,-0.049999999999999996,1429.8485719457797,531.7885714285711,-0.18
2008-03-21,-0.6575,1742.668439634437,966.9771428571427,-0.04
2008-03-28,0.05250000000000005,1890.4670972487552,1301.4114285714284,1.05
2008-04-04,-0.7175,2235.2913570555966,1534.9357142857148,1.08
2008-04-11,0.8424999999999998,3331.623823047757,1790.4742857142862,0.68
2008-04-18,-1.3025,2345.798372028231,1486.4614285714288,0.77
2008-04-25,-1.01,1168.635838415759,1072.437142857143,0.63
2008-05-02,-1.25,518.8815538534379,577.3171428571433,0.36
2008-05-09,-0.6125,417.9643783416301,464.6171428571434,1.12
2008-05-16,-1.1525,425.4486215037599,420.5471428571429,2.26
2008-05-23,-0.675,280.15148264322835,274.02142857142866,2.03
2008-05-30,-0.815,145.4543955834808,93.18428571428574,1.84
2008-06-06,-0.9775,91.33291403579422,80.95714285714287,1.77
2008-06-13,-1.2175,54.281513440644666,64.82857142857148,2.16
2008-06-20,-0.445,298.70857225140315,189.98142857142855,2.69
2008-06-27,2.2399999999999998,1239.29079287514,212.02571428571432,3.25
2008-07-04,0.7649999999999999,2621.6268560415097,411.95571428571446,3.29
2008-07-11,-0.26999999999999996,3266.615338134064,1039.48,3.28
2008-07-18,-0.38,4662.807142857142,1160.4657142857145,3.45
2008-07-25,0.1325000000000002,6251.317142857142,1945.5928571428574,3.54
2008-08-01,-0.365,7028.03,2258.8642857142854,3.59
2008-08-08,-0.26249999999999996,5306.134286302023,2367.5899999999997,3.53
2008-08-15,0.2300000000000001,3566.3628571428567,1506.4899999999996,3.52
2008-08-22,6.5875,21967.242857142865,6986.240000000007,3.46
2008-08-29,0.9399999999999998,31350.540000000005,15147.690000000004,3.59
2008-09-05,1.23,17652.060000000005,11271.868571428573,3.52
2008-09-12,-0.9575,9674.774285714288,6127.334285714287,3.31
2008-09-19,-1.0175,3929.7771700341004,3029.5000000000014,-2.82
2008-09-26,-0.31250000000000006,1978.47717765117,1418.0271428571425,2.95
2008-10-03,0.24750000000000003,1531.5157179531925,403.98285714285703,3.06
2008-10-10,-0.255,2349.668583535952,339.05428571428587,3.33
2008-10-17,-0.7875000000000001,2351.8071469477914,473.4300000000004,3.27
2008-10-24,-0.7075,880.7500163390871,260.96428571428584,3.28
2008-10-31,-0.16999999999999993,542.6857293787992,47.64428571428569,3.25
2008-11-07,-0.635,219.83572606396274,85.24714285714278,3.16
2008-11-14,-0.4375,232.95861967002045,181.76714285714274,3.16
2008-11-21,-0.6475,98.90871107487138,158.5657142857142,3.0
2008-11-28,-0.515,2.6387509939652714,106.75142857142848,2.72
2008-12-05,0.15500000000000008,128.05584499841277,158.34285714285718,2.58
2008-12-12,0.06750000000000003,179.4272507656474,157.06285714285704,2.92
2008-12-19,-0.32,416.07000745250474,250.62571428571428,2.57
2008-12-26,-0.07750000000000001,173.83003954294227,85.54857142857145,2.41
2009-01-02,-0.3625,144.6386311426459,104.8471428571429,2.33
2009-01-09,-0.33,124.52294015482435,129.73999999999998,2.12
2009-01-16,-0.2425,147.67864301493228,161.18285714285707,2.05
2009-01-23,-0.1325,82.25582854177799,146.4557142857143,2.29
2009-01-30,-0.08999999999999998,154.69149322249342,168.49857142857144,2.17
2009-02-06,-0.085,70.09722514031628,94.00999999999998,1.88
2009-02-13,-0.385,161.69577893677913,186.2214285714286,1.77
2009-02-20,-0.49,151.3329081584247,162.8957142857143,1.77
2009-02-27,-0.595,129.33288246256504,143.02714285714282,1.63
2009-03-06,-0.625,62.11579774436164,109.97000000000001,1.5
2009-03-13,-0.4425,43.72726769247166,118.17714285714281,1.14
2009-03-20,-0.22000000000000003,139.62289193688474,124.99857142857138,1.05
2009-03-27,-0.5425,38.65729289463224,110.82857142857142,0.98
2009-04-03,-0.18499999999999997,294.7029923223562,368.93999999999977,0.94
2009-04-10,-0.6125,-44.502536943765044,148.97285714285718,0.93
2009-04-17,-0.745,33.48169634438438,158.06714285714278,0.95
2009-04-24,-1.065,18.695967717888493,102.06571428571432,0.1
2009-05-01,-0.845,-57.32110037911392,132.09857142857143,-0.1
2009-05-08,-1.2425,235.06310610823047,356.34857142857135,-0.07
2009-05-15,-0.47750000000000004,188.29447896219608,271.3514285714287,-0.13
2009-05-22,0.2775000000000001,1226.6856289463092,537.2242857142862,-0.44
2009-05-29,1.4575,3836.927058223023,2429.9300000000007,-0.58
2009-06-05,0.0024999999999999467,6655.8752534999385,4347.342857142853,-0.71
2009-06-12,-0.51,6658.819999999998,3702.049999999998,-0.85
2009-06-19,-0.79,4428.397142857143,2873.7585714285715,-1.39
2009-06-26,1.5950000000000004,4044.0657142857135,2536.2528571428566,-1.69
2009-07-03,2.6750000000000003,6542.445714285713,2798.1528571428566,-2.18
2009-07-10,-1.0075,8516.478575813087,2778.8471428571424,-1.9
2009-07-17,-0.28,6848.425717976702,3107.6428571428573,-1.97
2009-07-24,-0.9824999999999999,5332.668586498146,3757.3314285714273,-1.92
2009-07-31,-0.21499999999999997,6275.698588237849,4058.3171428571436,0.82
2009-08-07,-0.37,5930.532910297787,3403.841428571428,1.64
2009-08-14,-0.565,5246.175714285715,3386.712857142857,1.2
2009-08-21,0.18999999999999995,3273.532860669279,1944.9314285714286,0.8
2009-08-28,-0.215,2396.4257199279887,1730.9071428571424,0.81
2009-09-04,0.14500000000000007,3739.124287336438,2083.7399999999993,1.07
2009-09-11,-0.7150000000000001,4513.21142857143,2872.6642857142865,1.5
2009-09-18,0.09499999999999992,4423.275716269914,3215.4957142857133,1.28
2009-09-25,-0.81,3387.1486059639947,2928.8300000000004,1.13
2009-10-02,-0.8875,2160.112909192842,1527.3842857142859,0.81
2009-10-09,0.1974999999999999,739.5357593298747,468.74000000000024,0.74
2009-10-16,-0.8,457.4772361897716,397.00285714285775,0.38
2009-10-23,-0.6725,215.06723524939184,162.7971428571428,0.29
2009-10-30,-0.78,32.145836770095336,60.107142857142875,-0.14
2009-11-06,-0.8225,145.94863513925716,176.36285714285717,0.61
2009-11-13,-0.61,66.54865512231358,107.48857142857143,0.63
2009-11-20,-0.5549999999999999,28.08725875886999,95.58714285714282,0.48
2009-11-27,-0.20500000000000004,135.02146658625472,135.4414285714286,0.06
2009-12-04,-0.11750000000000001,209.36715644562113,189.9571428571428,-0.35
2009-12-11,0.3675,659.1243010659748,374.5042857142856,-0.75
2009-12-18,0.42,451.1486095374354,300.3885714285713,-1.04
2009-12-25,-0.185,522.8971506152707,283.30571428571426,-1.14
2010-01-01,-0.145,266.5000499341316,219.44,-1.27
2010-01-08,-0.3,178.5472065678286,128.60285714285715,-1.47
2010-01-15,-0.1825,368.7871898760988,214.69714285714267,-1.4
2010-01-22,-0.21499999999999997,571.8543032288475,400.4857142857149,-1.58
2010-01-29,-0.1425,599.387145208091,530.0985714285717,-1.64
2010-02-05,0.07999999999999999,1037.7457202336122,880.41,-1.81
2010-02-12,-0.07500000000000001,1330.7285876501116,1225.2028571428577,-1.83
2010-02-19,-0.605,2661.3300122249284,2118.7057142857134,-1.87
2010-02-26,-0.12499999999999993,2551.638618894208,2442.967142857143,-2.1
2010-03-05,-0.2849999999999999,2130.0085966777506,2044.9571428571428,-2.27
2010-03-12,2.7699999999999996,2225.991502461719,1531.1000000000006,-2.5
2010-03-19,-0.405,7848.395714285715,4579.405714285715,-2.19
2010-03-26,-0.1075,4911.528590330189,3754.9399999999964,-2.49
2010-04-02,0.6375000000000001,10267.774294013128,6019.8399999999965,-2.44
2010-04-09,-0.9450000000000001,7507.500066724597,6542.577142857138,-2.19
2010-04-16,-0.885,4313.948607569695,3779.8128571428606,-2.17
2010-04-23,-0.6375,3724.941433414381,2677.3528571428574,-2.16
2010-04-30,1.4600000000000002,5109.672863288234,2746.7999999999997,-2.27
2010-05-07,-1.1475,4073.01292320449,3387.141428571428,-2.61
2010-05-14,-1.41,2845.578593040835,2795.9485714285724,-3.03
2010-05-21,-0.9175,2737.714328971724,2159.804285714285,-2.85
2010-05-28,-1.0475,2227.425825955735,2262.6585714285716,-2.74
2010-06-04,0.1875,2439.6414429122096,1579.4285714285713,-2.25
2010-06-11,-0.9175,2301.2142863255317,1572.2514285714283,-2.15
2010-06-18,-0.98,422.99862455999175,379.71285714285693,-2.17
2010-06-25,-0.6425,500.4986718140426,410.9928571428569,-2.08
2010-07-02,2.63,620.2386786788103,353.8342857142853,-2.31
2010-07-09,0.9100000000000001,6651.077145443186,1942.3800000000006,-2.72
2010-07-16,-0.3675,4235.575725817113,2245.405714285713,-2.85
2010-07-23,-0.9225,1020.9915014508113,498.46428571428623,-3.01
2010-07-30,-0.79,810.0514734745312,318.7257142857144,-2.95
2010-08-06,-0.10250000000000004,539.7700627703066,278.7628571428572,-2.78
2010-08-13,0.75,1465.9871472769248,502.7228571428569,-2.83
2010-08-20,0.58,1202.474287310579,497.9600000000002,-2.51
2010-08-27,0.06249999999999997,3221.442858835541,1052.0228571428572,-2.64
2010-09-03,-1.055,2756.975724959017,1805.758571428571,-2.63
2010-09-10,0.32999999999999996,3185.524289781425,1142.6985714285715,-2.93
2010-09-17,-0.8300000000000001,2051.867161547177,846.0928571428567,-2.67
2010-09-24,-0.6825,711.0000630054012,343.96999999999997,-2.75
2010-10-01,0.044999999999999984,1145.165720868368,502.9728571428569,-2.52
2010-10-08,-1.24,605.1144289340263,439.5099999999998,-2.2
2010-10-15,-1.0675,161.74303134809006,203.31857142857143,-2.46
2010-10-22,-0.7150000000000001,179.39440255639207,197.2114285714286,-2.68
2010-10-29,-0.995,75.26010767340975,124.57142857142851,-2.61
2010-11-05,-0.30999999999999994,205.4371643448058,171.64999999999995,-2.35
2010-11-12,-0.8250000000000001,100.9029248501541,105.43714285714282,-2.09
2010-11-19,-0.9650000000000001,83.57725805358571,105.89142857142859,-1.84
2010-11-26,-0.9525,148.51861910579305,137.06428571428572,-2.0
2010-12-03,-0.8500000000000001,109.34290902827532,112.30285714285709,-2.06
2010-12-10,-0.5875,36.65008863073256,87.3214285714286,-2.12
2010-12-17,-0.6900000000000001,-86.5668521624458,67.76714285714286,-2.38
2010-12-24,-0.2675,209.64575293529631,165.4957142857143,-2.62
2010-12-31,-0.665,-30.832630981677532,87.23000000000003,-2.59
2011-01-07,0.09000000000000005,254.1829370985922,185.82428571428565,-1.97
2011-01-14,-0.465,176.60145896918382,113.2071428571429,-1.86
2011-01-21,-0.11,194.94286043418407,157.59285714285713,-2.26
2011-01-28,0.25,353.838596818808,224.8385714285717,-2.28
2011-02-04,-0.72,256.96717835645484,216.64714285714288,-2.34
2011-02-11,-0.38,104.59310211161905,205.06428571428555,-2.28
2011-02-18,-0.7625000000000001,115.87450858413818,225.6642857142856,-2.54
2011-02-25,-0.875,49.03599146246135,209.45142857142852,-1.99
2011-03-04,-0.6275000000000001,76.51294962209117,114.04857142857138,-2.26
2011-03-11,-0.1250000000000001,59.96725664301706,120.17714285714293,-2.65
2011-03-18,-0.86,20.33872000847318,98.71000000000001,-2.85
2011-03-25,-0.535,-133.9139222577538,80.54142857142865,-3.1
2011-04-01,1.415,657.1728898915604,359.79571428571444,-2.3
2011-04-08,-0.2925,999.0015465890081,934.1085714285707,-2.7
2011-04-15,-0.575,865.9588777570713,1000.5185714285711,-2.69
2011-04-22,-0.9450000000000001,711.7974456592207,870.658571428571,-1.88
2011-04-29,-0.8925000000000001,938.5586957466911,984.1299999999994,-1.15
2011-05-06,-1.2725,807.1029270365352,849.1985714285711,-2.24
2011-05-13,-1.2575,752.5071043015988,716.7714285714288,-2.15
2011-05-20,-0.8200000000000001,678.6113980091071,602.9500000000002,-2.66
2011-05-27,-1.2075,239.9501563380297,334.8928571428573,-2.82
2011-06-03,-0.7125,121.1729871502711,180.50714285714278,-2.97
2011-06-10,-0.455,-3.0270126616529422,74.47142857142863,-2.76
2011-06-17,0.024999999999999967,7.3986584136405735,60.25571428571436,-2.78
2011-06-24,-0.08749999999999991,79.63418380069801,0.04285714285714286,-2.78
2011-07-01,1.4124999999999999,1571.401092991618,55.50285714285709,-2.38
2011-07-08,-0.37,2216.912673434276,570.8514285714286,-2.78
2011-07-15,-0.07249999999999995,2654.8428328285377,822.1328571428575,-2.91
2011-07-22,-0.625,3956.0668684019765,1471.8257142857149,-2.88
2011-07-29,-0.9400000000000001,2157.1459702043744,632.4800000000005,-2.43
2011-08-05,-0.765,853.3423787014675,385.0657142857141,3.12
2011-08-12,-0.165,1357.8509670803726,708.0014285714282,-2.76
2011-08-19,0.0325,1946.5478924748436,705.7385714285713,-2.95
2011-08-26,-0.20750000000000002,3389.2014117801414,906.8685714285708,-2.67
2011-09-02,-0.59,1829.920799222699,753.8128571428573,-2.8
2011-09-09,-0.10750000000000001,2342.294974207343,1077.5128571428575,-2.65
2011-09-16,-0.2025,3827.713232959855,1830.4942857142855,-2.64
2011-09-23,-0.017500000000000043,1887.0241418362796,1412.142857142857,-2.89
2011-09-30,0.12499999999999997,2617.0864023085815,1368.59,-2.57
2011-10-07,-0.7975,2612.648353307634,2104.9842857142858,-2.87
2011-10-14,0.44999999999999996,16864.801167146034,12902.520000000002,-2.81
2011-10-21,0.6724999999999999,21443.107147794126,16599.82285714285,-2.46
2011-10-28,0.13750000000000007,14159.557154141703,12053.97000000001,-2.57
2011-11-04,0.09249999999999994,9731.400003291332,6265.827142857146,-2.86
2011-11-11,-0.8250000000000001,4217.154300971936,3102.9485714285706,-2.75
2011-11-18,-0.8025,2226.941484241873,1814.1928571428575,-2.93
2011-11-25,-0.5925,1684.5600325371172,1302.641428571428,-2.71
2011-12-02,-0.465,839.5229782166696,739.63,-2.09
2011-12-09,-0.20750000000000002,640.9357938888078,558.2871428571434,-2.27
2011-12-16,-0.10499999999999998,1147.7285758718622,604.3557142857137,-2.67
2011-12-23,-0.47000000000000003,682.207184515938,486.8814285714285,-2.7
2011-12-30,-0.1775,457.74433402626335,353.8214285714287,-2.14
2012-01-06,-0.41000000000000003,393.7858473493603,360.92571428571415,-0.72
2012-01-13,-0.49,383.257181459706,341.3714285714286,-0.94
2012-01-20,-0.35,565.9372224132163,572.0099999999995,-1.29
2012-01-27,-0.1625,809.4014929873985,830.2442857142856,-1.39
2012-02-03,-0.3375,729.7443601688035,741.9528571428576,-1.77
2012-02-10,-0.0975,753.8828768202903,736.3557142857144,-2.31
2012-02-17,-0.2,811.4086711087588,794.807142857143,-2.4
2012-02-24,-0.365,850.8058304225362,851.22,-2.7
2012-03-02,-0.2125,785.2815085036548,790.1657142857149,-2.77
2012-03-09,0.6499999999999999,613.9986089967176,594.6885714285715,-2.67
2012-03-16,-0.0475,635.7443504358789,526.0614285714285,-2.7
2012-03-23,-0.175,321.6643056973424,267.3700000000003,-2.45
2012-03-30,-0.4925,134.68867251932735,116.02571428571426,-2.2
2012-04-06,-0.4225,-39.84969978396428,91.9014285714286,-2.25
2012-04-13,-0.895,-156.01105336015775,48.174285714285666,-1.26
2012-04-20,0.8975,-111.34968191676094,70.10000000000001,-1.16
2012-04-27,-0.36250000000000004,449.34154282749233,378.10428571428577,-0.16
2012-05-04,-0.3550000000000001,222.92015962935628,277.03857142857123,-0.42
2012-05-11,0.057499999999999996,214.22584006142225,122.79571428571425,-0.8
2012-05-18,0.535,837.1642857142857,133.23714285714294,1.99
2012-05-25,-0.21,1028.251428571428,485.5871428571425,1.96
2012-06-01,-0.36499999999999994,1259.210015516256,739.3214285714291,0.94
2012-06-08,-0.315,1156.1557759510754,499.53285714285727,0.11
2012-06-15,0.8575,940.5728672519327,250.4757142857143,-0.59
2012-06-22,-0.4525,693.6785852991636,203.3328571428573,-0.66
2012-06-29,0.2874999999999999,3368.148571428571,1103.034285714286,-1.29
2012-07-06,-0.7075,2180.052912343112,1037.1442857142858,-0.65
2012-07-13,-0.86,1213.2415689230127,352.4557142857144,-0.53
2012-07-20,0.7225,2240.4757148969607,474.324285714286,-0.54
2012-07-27,0.029999999999999985,2869.3714446989297,525.35,-0.48
2012-08-03,0.09499999999999997,1427.6700253667263,288.715714285714,-0.7
2012-08-10,0.7050000000000001,1089.2457421209365,240.06142857142865,-1.12
2012-08-17,0.39,1492.0843056973413,284.6971428571426,-1.44
2012-08-24,1.4675,3643.9058191732506,742.2157142857146,-1.03
2012-08-31,7.5225,24118.772857142852,7853.45857142857,-0.71
2012-09-07,0.9625000000000001,17102.945719363757,7800.164285714281,-1.38
2012-09-14,-0.08500000000000002,10834.102861351057,5831.15428571429,-1.57
2012-09-21,0.6575,7843.041433202791,4331.184285714282,-1.55
2012-09-28,-0.45,10670.360001854895,5539.608571428571,-1.76
2012-10-05,0.9624999999999999,7499.304294882987,4463.52571428572,-1.82
2012-10-12,-0.38,10560.52715132056,5300.240000000006,-1.92
2012-10-19,-0.315,5589.917149839457,3095.221428571428,-1.89
2012-10-26,-0.32,3495.1014370324897,1564.3871428571426,-1.62
2012-11-02,-0.63,1889.2843796111406,860.3528571428569,-1.86
2012-11-09,-0.73,961.9944171322684,690.9085714285712,-1.99
2012-11-16,-0.22500000000000003,352.4787249454635,257.29857142857134,-2.3
2012-11-23,-0.4225,339.3300583035055,238.09714285714264,-2.21
2012-11-30,-0.2475,346.8301295372244,350.34000000000003,-2.46
2012-12-07,-0.39749999999999996,300.4300481474111,261.31999999999994,-2.69
2012-12-14,0.8825,2820.910017867204,691.277142857143,-2.87
2012-12-21,-0.4625,1379.3486337286888,960.9514285714292,-2.67
2012-12-28,-0.305,521.3786325532149,420.92857142857184,-2.7
2013-01-04,-0.3075,785.7900554353495,315.61428571428576,-2.68
2013-01-11,0.4375,617.9943125150911,314.3828571428571,-2.86
2013-01-18,-0.385,250.29291467055,213.73285714285706,-2.9
2013-01-25,-0.515,292.3743723937318,259.0257142857145,-3.16
2013-02-01,-0.535,258.0700985047133,276.8428571428571,-2.92
2013-02-08,-0.525,147.14438539447306,167.67000000000007,0.13
2013-02-15,1.6324999999999998,516.355779642063,237.11285714285714,1.26
2013-02-22,-0.715,532.747146618659,224.8771428571428,1.02
2013-03-01,-0.59,351.8943025470721,215.31142857142854,0.77
2013-03-08,-0.5775,171.411551525999,179.99142857142846,0.52
2013-03-15,-0.1525,85.57440819866667,157.6071428571428,0.59
2013-03-22,0.6325000000000001,273.8971821179713,211.31857142857146,1.4
2013-03-29,0.44,292.7629146940596,281.3985714285714,0.79
2013-04-05,-0.5725,215.36578598962254,215.54999999999998,0.57
2013-04-12,-1.0225,203.70434744077147,201.29999999999998,0.38
2013-04-19,-1.04,217.07576929789315,185.69714285714286,0.94
2013-04-26,-0.5375,371.38007158636094,228.7885714285715,0.34
2013-05-03,1.035,669.1057779964001,400.6942857142858,0.05
2013-05-10,-0.365,948.2486062931278,631.5128571428576,-0.22
2013-05-17,-0.19249999999999995,1054.255783168485,850.2085714285713,0.0
2013-05-24,0.005000000000000129,1060.0629032214345,838.8414285714289,-0.88
2013-05-31,-0.7425,642.9100049369903,522.8785714285713,-1.11
2013-06-07,2.1325,2779.485714285715,773.582857142857,-1.26
2013-06-14,-0.27999999999999997,6396.988573285819,1810.8799999999999,-1.03
2013-06-21,-0.5275,3349.601428768908,1377.814285714286,-1.26
2013-06-28,-0.23749999999999996,3997.3885744848044,1843.4800000000007,-1.63
2013-07-05,2.295,12810.05571637806,4328.921428571429,-1.39
2013-07-12,-0.995,10051.4585791867,5540.311428571427,-1.67
2013-07-19,0.9400000000000002,13634.015714285712,6600.044285714283,-2.0
2013-07-26,0.7224999999999999,13963.861430945888,7342.485714285715,-2.03
2013-08-02,0.042499999999999996,15147.757147723607,9183.315714285718,-1.92
2013-08-09,0.5225,13340.184286207992,7333.811428571435,0.08
2013-08-16,-0.9175,8095.127142861845,5065.232857142859,0.68
2013-08-23,-0.1325,4506.561511324792,3020.357142857144,0.84
2013-08-30,-0.28500000000000003,4645.162914976173,2763.9571428571435,0.74
2013-09-06,0.06000000000000001,5378.782866617177,2918.424285714286,0.88
2013-09-13,-0.6725,4647.947144246554,2939.9028571428576,0.8
2013-09-20,0.905,6453.990013807116,2886.441428571429,0.73
2013-09-27,1.0425,6878.8742991617055,2145.4114285714286,0.81
2013-10-04,-0.7575000000000001,4220.971429253203,2548.3814285714284,0.71
2013-10-11,-0.07250000000000008,2531.7828851732083,1184.6314285714295,0.85
2013-10-18,-0.65,864.6643717824851,400.2457142857143,1.0
2013-10-25,-0.5325,731.9186404053808,403.82285714285763,0.84
2013-11-01,-0.7525000000000001,414.90300031557894,328.8228571428572,0.74
2013-11-08,-0.4625,340.74299044159807,276.2257142857142,0.63
2013-11-15,-0.5900000000000001,267.312999140105,275.02,1.3
2013-11-22,-0.31,452.7600604898871,321.5142857142857,1.12
2013-11-29,-0.17,510.3229189727845,314.6414285714285,1.35
2013-12-06,-0.6074999999999999,242.2101175473907,222.87857142857146,1.28
2013-12-13,-0.5675,202.41295470719132,210.32714285714277,1.06
2013-12-20,-0.4875,201.301528016521,235.75428571428571,0.72
2013-12-27,-0.40499999999999997,238.01438055152045,231.0242857142857,1.26
2014-01-03,-0.40750000000000003,228.28726369586045,248.09142857142857,1.96
2014-01-10,-0.32,467.3214772360482,249.1314285714286,1.62
2014-01-17,-0.495,499.2757679696074,277.75714285714275,1.02
2014-01-24,-0.575,273.17589037170535,279.8871428571428,1.18
2014-01-31,1.1925000000000001,712.3400444329133,342.46999999999974,0.73
2014-02-07,0.03250000000000004,1316.1185714285716,649.4228571428573,0.45
2014-02-14,-0.024999999999999994,1770.4214285714293,1352.2057142857152,-0.09
2014-02-21,-0.8500000000000001,1520.4457596119878,1330.8885714285711,-0.51
2014-02-28,-0.38,1350.3586341048406,1133.4171428571433,-0.76
2014-03-07,-0.08250000000000005,1068.4815677475394,1018.3528571428575,-0.72
2014-03-14,-0.8625,641.2686911858527,584.8242857142853,0.09
2014-03-21,-0.43750000000000006,868.605819655195,817.0542857142856,-0.88
2014-03-28,0.16250000000000003,1298.8472104468926,1087.2700000000002,-1.4
2014-04-04,-0.985,1116.4843777774024,1034.9657142857147,-1.63
2014-04-11,-0.8125,1222.1772795177396,1285.561428571429,-1.97
2014-04-18,-0.4375,1292.8843422075613,1285.785714285714,-2.17
2014-04-25,-0.7725,1247.9029462437795,1162.6200000000003,-1.14
2014-05-02,-0.6125,814.5831089293681,679.7642857142861,-1.93
2014-05-09,0.2724999999999999,1751.68863184793,1258.6514285714288,-1.73
2014-05-16,-0.12749999999999992,1635.331583781003,1381.302857142857,-1.88
2014-05-23,-1.205,1353.1601807878872,1081.6328571428573,-2.18
2014-05-30,-0.5725,624.280351231603,487.3257142857142,-2.24
2014-06-06,-0.7925,705.4186948533314,334.19857142857126,-2.84
2014-06-13,2.125,901.8473476246974,479.70571428571435,-2.85
2014-06-20,2.0925000000000002,3426.084285714285,1340.0842857142854,-2.84
2014-06-27,-0.865,4471.5600237445715,1561.7071428571421,-3.07
2014-07-04,0.6524999999999999,3235.345779406969,1657.3157142857146,-2.3
2014-07-11,0.25249999999999995,4347.101439855978,1442.4914285714287,-2.66
2014-07-18,1.79,6127.917142857143,2340.2600000000007,-2.56
2014-07-25,-0.38999999999999996,7543.064285714283,3870.637142857139,-2.76
2014-08-01,0.25,5527.738645953615,3990.942857142855,-2.77
2014-08-08,0.3525,5926.594306637721,3518.8057142857137,-2.93
2014-08-15,0.057499999999999996,6958.381481373716,3337.245714285715,-2.62
2014-08-22,-0.019999999999999934,6894.71147794133,4677.101428571425,-2.41
2014-08-29,0.15000000000000002,3655.091555992797,3206.1385714285684,-2.38
2014-09-05,0.835,1264.5600324430795,1022.0671428571426,-2.58
2014-09-12,0.20499999999999996,1933.0985714285703,1041.9271428571424,-2.0
2014-09-19,1.3875,2304.4328571428564,1279.5199999999998,-1.4
2014-09-26,1.1925000000000001,7616.454285714286,2519.0342857142837,-1.82
2014-10-03,0.16000000000000003,14354.88714708885,8570.674285714287,-1.85
2014-10-10,-0.9525,7777.190069799642,6141.124285714287,-2.23
2014-10-17,-0.4125,3803.3457815228217,2396.36,-2.51
2014-10-24,2.2800000000000002,2040.6215113247913,678.1442857142855,-2.4
2014-10-31,-0.815,1044.3772462988463,510.5157142857141,-2.32
2014-11-07,-0.885,600.4886624102512,428.6299999999995,-2.46
2014-11-14,-0.009999999999999912,721.8686598006999,402.1385714285716,-2.71
2014-11-21,-0.395,422.11153742031235,335.38714285714286,-0.17
2014-11-28,0.2549999999999999,2022.191477706238,748.7814285714285,-0.64
2014-12-05,-0.38,2081.644338610611,1569.1228571428571,-1.13
2014-12-12,-0.675,2144.072949064917,1811.2871428571432,-1.28
2014-12-19,-0.685,1711.390083928836,1525.8642857142847,-2.23
2014-12-26,-0.06749999999999998,2026.3386600593044,1773.7171428571435,-2.23
2015-01-02,-0.3875,1913.9471804723075,1710.2828571428568,-2.55
2015-01-09,-0.565,1268.4258381806644,1215.3100000000006,-3.0
2015-01-16,-0.07000000000000003,1518.7386175071483,1089.84,-3.08
2015-01-23,-0.54,1980.6029175622157,1789.087142857143,-3.2
2015-01-30,-0.4775,2962.9901015609457,2883.0214285714287,-2.8
2015-02-06,0.9075000000000001,3386.217179223954,3059.3571428571427,-2.32
2015-02-13,0.3424999999999999,4299.944299678915,3742.4242857142854,-2.35
2015-02-20,-0.6725000000000001,5620.8486492449465,5432.897142857146,-2.84
2015-02-27,-0.40750000000000003,4001.5214831134176,3854.194285714286,-3.13
2015-03-06,-0.205,5802.431500745525,5238.214285714284,-3.13
2015-03-13,-0.805,5319.958666877043,5114.897142857132,-1.95
2015-03-20,-0.73,2119.5643995001606,2136.2471428571434,-2.52
2015-03-27,-0.08749999999999997,1246.2843810452196,1273.9557142857143,-2.7
2015-04-03,-0.725,1104.4043448876425,1029.6985714285718,-2.68
2015-04-10,-0.3025,1067.7486948533308,1081.5485714285708,-0.48
2015-04-17,0.53,2038.2985909414383,1235.712857142857,-0.16
2015-04-24,0.2574999999999999,3328.2299999999996,2139.625714285714,-0.11
2015-05-01,-0.3575,4842.794297633592,3752.991428571429,1.17
2015-05-08,-1.2175,3049.891507328181,2510.158571428572,0.78
2015-05-15,-1.0775,897.3415698633914,800.5657142857136,0.86
2015-05-22,-0.8925,346.89013659006775,320.8657142857141,0.52
2015-05-29,-1.1125,434.65013776554196,325.3428571428572,0.57
2015-06-05,-0.14499999999999996,233.33298879593488,287.8414285714288,0.38
2015-06-12,0.98,608.7200973292403,384.7400000000004,0.25
2015-06-19,-1.1575,882.4086219739493,476.76285714285706,-0.27
2015-06-26,-1.085,410.0745433781662,330.20571428571446,-0.64
2015-07-03,-0.9025,590.7858960374898,358.1028571428575,-0.57
2015-07-10,-0.52,1572.2444154866046,687.715714285714,-0.92
2015-07-17,-0.32749999999999996,1360.824474213281,795.7085714285713,-1.19
2015-07-24,-0.29000000000000004,1321.517166836811,535.5157142857145,-1.59
2015-07-31,0.30999999999999994,1434.921428571428,659.9771428571421,-1.93
2015-08-07,-0.45,1875.8143277962506,848.4557142857138,-0.84
2015-08-14,0.05500000000000002,1883.7287310579272,1223.0,-1.16
2015-08-21,0.06000000000000004,4316.835714285715,2037.9657142857152,-1.68
2015-08-28,0.665,4778.698576835751,2996.6185714285716,-1.85
2015-09-04,-0.24000000000000002,9731.1085747199,4890.887142857145,-1.89
2015-09-11,0.9424999999999999,10469.70715350458,6024.562857142851,-2.07
2015-09-18,0.8049999999999999,12201.8242961525,5802.897142857151,-2.26
2015-09-25,-0.7175,10754.72428571429,5657.085714285719,-2.47
2015-10-02,-0.475,7061.5185758953685,4188.525714285711,-2.5
2015-10-09,-0.012500000000000067,4331.108609984116,3030.692857142857,-2.73
2015-10-16,-0.15500000000000008,3550.8414570414066,2331.8942857142856,-2.87
2015-10-23,-1.0275,2352.208683803877,1819.1914285714288,-2.73
2015-10-30,-0.765,1999.7101083786943,1731.1114285714286,-2.64
2015-11-06,-0.73,1583.0658513459714,1388.508571428571,-2.72
2015-11-13,-0.255,982.5786513607972,864.9485714285718,-2.49
2015-11-20,0.59,899.5829208535428,599.5914285714282,-2.78
2015-11-27,0.05000000000000002,2823.081434613364,1197.8714285714282,-1.2
2015-12-04,0.44999999999999996,1895.3685944678605,783.9557142857145,-1.36
2015-12-11,-0.29000000000000004,3729.978577141376,1067.747142857143,-1.67
2015-12-18,-0.3125,1563.9843468389286,708.0299999999999,0.2
2015-12-25,-0.04000000000000002,1062.314341972467,549.4757142857143,0.22
2016-01-01,-0.29500000000000004,812.030059243885,462.20000000000016,-0.03
2016-01-08,0.032499999999999925,819.5600242147626,477.30142857142874,0.37
2016-01-15,0.2575,2290.4600023039284,927.2814285714277,0.09
2016-01-22,0.6275000000000001,7013.840004466801,2679.7871428571425,-0.59
2016-01-29,3.3325,11535.29572204384,3131.6014285714286,0.81
2016-02-05,-0.3275,12670.141474038759,3960.3871428571424,0.87
2016-02-12,0.0025000000000000022,7676.051464540938,4760.100000000008,1.17
2016-02-19,0.09999999999999998,5154.175756837868,3300.845714285714,1.42
2016-02-26,-0.6900000000000001,4042.3314510699975,2745.917142857142,1.14
2016-03-04,-0.86,4475.817245593563,3059.9371428571435,1.65
2016-03-11,-1.0225,2235.015848995024,1841.5414285714285,1.05
2016-03-18,-0.985,669.9201006205667,521.1771428571432,2.08
2016-03-25,-0.08999999999999997,726.6486290267927,497.9942857142856,1.97
2016-04-01,-0.38250000000000006,2979.312887470084,1858.4700000000005,1.65
2016-04-08,-1.0175,4853.894400910728,4552.8785714285705,1.68
2016-04-15,-0.8675,3243.697330227683,3253.0328571428568,1.67
2016-04-22,-0.8724999999999999,2012.008728942074,2062.7028571428564,1.16
2016-04-29,-0.9450000000000001,1665.4444150164159,1723.4042857142863,-0.07
2016-05-06,-0.795,1122.7372589939646,1161.775714285714,-0.45
2016-05-13,-1.1175,1512.7744808429536,1526.831428571428,-0.56
2016-05-20,3.25,4075.351533893892,1914.3000000000009,-0.7
2016-05-27,-1.225,9511.638571564928,6989.318571428575,-0.28
2016-06-03,-1.095,6202.231522374243,5736.894285714283,-0.42
2016-06-10,1.9549999999999996,6029.4900404363,4153.6414285714245,-0.44
2016-06-17,-0.30499999999999994,13756.847142857141,7776.275714285713,-0.36
2016-06-24,-0.7949999999999999,7267.1285714285705,5033.4642857142835,-0.51
2016-07-01,0.83,5467.322860904374,3381.4300000000003,-0.73
2016-07-08,-1.1099999999999999,4153.468626910941,2097.8014285714285,-0.9
2016-07-15,-1.22,1761.7158652165635,1168.7871428571427,-1.08
2016-07-22,-0.10249999999999992,2063.3100639457793,1183.834285714285,-1.36
2016-07-29,-0.9525,2637.9657290026475,1203.0928571428574,-1.34
2016-08-05,-0.3275,1636.9014788817112,1006.0814285714287,-1.56
2016-08-12,1.17,2532.3657267457374,1105.3271428571434,-1.62
2016-08-19,-0.375,1931.6057231958057,1097.0085714285703,-1.72
2016-08-26,-0.047500000000000014,1471.3957313512444,903.6585714285717,-1.86
2016-09-02,2.065,3947.5057309774434,1644.411428571429,-1.46
2016-09-09,-0.6075,8410.758574743408,3513.874285714286,-1.81
2016-09-16,0.13,7226.048574061635,5242.558571428573,-1.72
2016-09-23,-0.48250000000000004,8808.570017314729,5644.281428571428,-1.66
2016-09-30,-0.2025,8189.371478745358,5340.085714285718,-0.37
2016-10-07,1.0799999999999998,9209.25003245718,3967.298571428565,-0.37
2016-10-14,-0.67,6373.370023991421,3822.614285714284,-0.74
2016-10-21,-0.875,3306.4957580321507,2510.422857142857,-0.44
2016-10-28,-0.645,1687.370100456,1533.8942857142854,-0.85
2016-11-04,-0.8425,1120.0943740393948,948.8885714285713,1.01
2016-11-11,-0.905,930.4300938733466,869.9000000000004,1.06
2016-11-18,-0.89,768.5701422088325,817.8571428571422,1.05
2016-11-25,-0.7125,777.4300965299165,803.9885714285707,0.94
2016-12-02,-0.3175,787.2343827379021,791.2585714285716,1.71
2016-12-09,-0.06999999999999998,774.2472202268356,760.6642857142859,1.51
2016-12-16,-0.35750000000000004,808.9714998051473,798.4157142857142,1.91
2016-12-23,-0.4375,770.9486323063649,770.18,2.12
2016-12-30,-0.14250000000000002,641.2315074363236,649.1028571428569,1.73
2017-01-06,-0.26749999999999996,491.9171988332099,472.36857142857104,2.14
2017-01-13,-0.3125,372.84436900366455,391.64571428571395,1.18
2017-01-20,-0.125,374.05720449899445,376.16142857142853,1.54
2017-01-27,0.0,510.487174985196,413.19714285714326,1.32
2017-02-03,0.0,479.05429053608043,418.25571428571504,1.54
2017-02-10,0.0,625.7671822825381,593.3342857142861,0.96
2017-02-17,0.0,486.23866868728277,510.51571428571464,1.17
2017-02-24,0.0,796.9671930686865,745.2557142857144,1.83
2017-03-03,0.0,765.8700525977549,741.5214285714281,0.39
2017-03-10,0.0,711.0843397813829,743.901428571428,0.17
2017-03-17,0.0,775.7272352023723,805.3385714285707,-0.35
2017-03-24,0.0,632.6200811547178,681.934285714285,-0.38
2017-03-31,0.0,393.4258209011975,449.0914285714285,-1.0
2017-04-07,0.0,311.24290465316153,313.35857142857145,-0.73
2017-04-14,0.0,225.39300158509076,283.1942857142857,-0.85
2017-04-21,0.0,319.1086716729862,265.3214285714286,-0.75
2017-04-28,0.0,258.7273017106866,238.82714285714292,-1.13
2017-05-05,0.0,427.7801403515843,260.4842857142857,-1.27
2017-05-12,0.0,254.9386421450816,186.48857142857142,-1.53
2017-05-19,0.0,102.92036886371169,173.71142857142848,-1.1
2017-05-26,0.0,242.6487953328411,175.42000000000002,-0.96
2017-06-02,0.0,207.40874335338472,163.91857142857114,-1.09
2017-06-09,0.0,4277.225714285714,274.94999999999993,-1.43
2017-06-16,0.0,3390.7157142857136,451.5399999999997,-0.21
2017-06-23,0.0,5527.745714285714,1339.19,-0.13
2017-06-30,0.0,4702.458574155671,1719.76,0.03
2017-07-07,0.0,3131.6973808670996,1171.591428571429,-0.55
2017-07-14,0.0,1850.798727672563,777.0885714285714,-0.74
2017-07-21,0.0,2174.585714285715,1223.9800000000007,-0.81
2017-07-28,0.0,2277.861448314688,1340.1885714285709,-1.24
2017-08-04,0.0,4200.071447590597,1904.2042857142853,-1.11
2017-08-11,0.0,3607.7171532013126,2387.5671428571427,-0.96
2017-08-18,0.0,4341.710000331484,2254.7357142857145,-0.56
2017-08-25,0.0,3381.7728571428574,2049.4500000000003,-0.63
2017-09-01,0.0,4084.7057661711306,2216.864285714285,-0.29
2017-09-08,0.0,5539.681447731652,2304.31,0.38
2017-09-15,0.0,32519.147146171974,9957.275714285706,0.48
2017-09-22,0.0,28270.01433683094,14121.325714285713,-0.51
2017-09-29,0.0,19210.65860636366,13569.64142857143,0.14
2017-10-06,0.0,22065.458611629787,13141.142857142866,0.1
2017-10-13,0.0,15164.015762738747,9197.387142857142,-0.33
2017-10-20,0.0,8569.857188347984,5044.942857142857,0.31
2017-10-27,0.0,5846.350053319497,3430.652857142857,0.42
2017-11-03,0.0,10461.140033148364,4123.86,0.21
2017-11-10,0.0,5213.892894287835,2824.682857142859,-0.57
2017-11-17,0.0,4321.7871714564235,2122.831428571429,-0.46
2017-11-24,0.0,2981.932913589113,1576.9542857142849,-0.26
2017-12-01,0.0,2034.661553759399,1132.8885714285711,-0.27
2017-12-08,0.0,1475.7100788507892,624.7457142857137,-0.43
2017-12-15,0.0,2022.4486385481316,866.7971428571427,-0.2
2017-12-22,0.0,1211.3886472466388,849.0642857142864,-0.31
2017-12-29,0.0,1296.0258646993552,802.2785714285716,-0.69
2018-01-05,0.0,1201.6486444725203,758.3985714285719,-1.08
2018-01-12,0.0,1011.6657654776029,774.1957142857143,-0.79
2018-01-19,0.0,1043.2315017329247,825.6400000000002,-0.85
2018-01-26,0.0,754.3843357894737,669.7657142857139,-0.59
2018-02-02,0.0,990.475781029122,841.6785714285708,0.59
2018-02-09,0.0,1110.3857551992596,990.1014285714291,0.86
2018-02-16,0.0,1019.2629070064597,991.8428571428567,0.42
2018-02-23,0.0,1140.0900842109515,1146.1314285714295,-0.43
2018-03-02,0.0,869.1015219745851,834.7914285714286,0.01
2018-03-09,0.0,523.4786881296212,500.96428571428606,1.31
2018-03-16,0.0,306.92581897342023,353.75571428571413,1.28
2018-03-23,0.0,349.9758189969299,326.3671428571429,1.2
2018-03-30,0.0,447.86439225924045,332.5142857142856,0.77
2018-04-06,0.0,314.11581643439666,305.1285714285714,0.51
2018-04-13,0.0,338.9387383928851,313.89142857142855,0.16
2018-04-20,0.0,434.9915444966649,358.3842857142855,-0.27
2018-04-27,0.0,526.4343083468603,307.0242857142858,0.41
2018-05-04,0.0,288.7786552022459,248.25142857142868,0.31
2018-05-11,0.0,303.50587607794256,286.97571428571416,0.02
2018-05-18,0.0,2497.5357372074554,627.7985714285711,0.65
2018-05-25,0.0,5129.737142857143,1437.3914285714284,1.02
2018-06-01,0.0,6349.545714285713,1942.2285714285717,1.06
2018-06-08,0.0,5096.944285714285,2120.5071428571423,0.7
2018-06-15,0.0,4655.76573471545,2250.587142857142,1.31
2018-06-22,0.0,4741.257158648458,2301.811428571428,0.67
2018-06-29,0.0,5806.9814285714265,2016.2528571428568,-0.16
2018-07-06,0.0,4560.365715959589,1847.687142857143,-0.16
2018-07-13,0.0,3944.9628593198336,2205.3700000000003,-0.67
2018-07-20,0.0,4106.405812962047,2890.718571428571,-0.99
2018-07-27,0.0,3310.1086262996937,2295.9614285714283,-0.77
2018-08-03,0.0,6115.967142857139,3989.56571428571,-0.73
2018-08-10,0.0,5871.7714765425135,4891.372857142853,-1.07
2018-08-17,0.0,5305.542897231221,4570.077142857145,-0.98
2018-08-24,0.0,4308.192908228955,3608.6428571428596,-1.17
2018-08-31,0.0,4527.402857142856,2766.2071428571426,-1.28
2018-09-07,0.0,5673.544293519434,4027.8328571428583,-1.45
2018-09-14,0.0,4880.312861445093,4051.7685714285735,-1.43
2018-09-21,0.0,3053.075720727312,2338.312857142858,-0.69
2018-09-28,0.0,2730.45147801186,2199.6957142857136,-1.46
2018-10-05,0.0,1959.5786644555767,1826.4685714285715,-1.75
2018-10-12,0.0,1587.3800598551313,1555.8785714285714,-2.07
2018-10-19,0.0,1575.8414693580223,1567.7757142857147,-2.03
2018-10-26,0.0,1283.6244240910748,1351.342857142858,-1.99
2018-11-02,0.0,344.2872977375847,431.5357142857142,-1.91
2018-11-09,0.0,415.74152500730787,372.6042857142857,-1.31
2018-11-16,0.0,345.4071869844334,344.8400000000001,-0.95
2018-11-23,0.0,306.99146815198594,327.86857142857144,-0.92
2018-11-30,0.0,238.55868796505447,306.25,-0.6
2018-12-07,0.0,276.75867287196957,296.7971428571429,-0.87
2018-12-14,0.0,222.16009547199073,274.06285714285724,-0.72
2018-12-21,0.0,259.10293303145266,247.65285714285736,-0.67
2018-12-28,0.0,165.0943843130369,215.63142857142853,-0.5
2019-01-04,0.0,212.41440039352,220.9328571428571,-0.76
2019-01-11,0.0,89.52885001588716,238.66285714285706,-0.69
2019-01-18,0.0,176.68453376278939,308.7642857142857,-0.71
2019-01-25,0.0,401.88003841213634,416.8485714285715,-0.86
2019-02-01,0.0,1723.8885714285718,1055.2457142857147,-0.94
2019-02-08,0.0,1498.5544647624724,1362.5071428571441,-1.0
2019-02-15,0.0,2407.6957862012073,2102.64,-1.02
2019-02-22,0.0,3299.4371714211593,3052.1271428571426,-0.84
2019-03-01,0.0,2407.8986755144347,2415.691428571428,0.39
2019-03-08,0.0,1388.6544615651817,1408.3971428571424,-0.4
2019-03-15,0.0,346.4288111547201,475.44285714285735,-0.54
2019-03-22,0.0,736.2529517214876,744.1771428571428,-0.85
2019-03-29,0.0,589.0373786101896,697.66,-1.06
2019-04-05,0.0,328.7316695670887,353.5957142857141,-0.54
2019-04-12,0.0,641.1316201736745,575.4699999999991,0.59
2019-04-19,0.0,588.2059004337624,607.5485714285717,0.91
2019-04-26,0.0,419.17161340294564,482.38142857142856,1.56
2019-05-03,0.0,210.92170233930142,353.6085714285715,1.34
2019-05-10,0.0,796.1513129988342,580.4500000000002,1.46
2019-05-17,0.0,1094.3885699004552,828.9942857142854,1.45
2019-05-24,0.0,583.9131021821471,696.2685714285709,1.48
2019-05-31,0.0,130.391812951396,349.64714285714297,1.15
2019-06-07,0.0,168.247250695119,226.9628571428571,0.44
2019-06-14,0.0,591.3785074827911,258.77857142857147,-0.34
2019-06-21,0.0,2342.5357142857147,691.0728571428568,-0.4
2019-06-28,0.0,2015.387225163826,1435.4914285714294,-0.49
2019-07-05,0.0,1807.6972707957227,1439.1028571428574,0.05
2019-07-12,0.0,1453.0628683568782,865.4842857142856,-0.36
2019-07-19,0.0,1872.1829408342496,1197.771428571429,-0.25
2019-07-26,0.0,1953.9228647152595,1291.1228571428564,-0.72
2019-08-02,0.0,2708.645714285714,1295.9171428571426,-1.05
2019-08-09,0.0,5656.874285714287,2432.247142857144,0.15
2019-08-16,0.0,10554.148571428568,4781.085714285711,-0.41
2019-08-23,0.0,14342.371545154932,8081.031428571431,1.74
2019-08-30,0.0,11189.970000000003,7384.177142857147,1.37
2019-09-06,0.0,8127.210038978715,6056.770000000001,0.49
2019-09-13,0.0,4175.958870234038,3698.5357142857138,1.92
2019-09-20,0.0,2088.807480218154,1995.2828571428574,1.82
2019-09-27,0.0,1190.3117701641452,1299.834285714285,0.97
2019-10-04,0.0,384.64457347029787,531.7928571428571,0.29
2019-10-11,0.0,438.59576877128075,419.14,-0.73
2019-10-18,0.0,324.752960584561,369.51000000000005,-0.69
2019-10-25,0.0,871.695718209446,392.3300000000001,-0.76
2019-11-01,0.0,670.794297276247,388.7800000000001,-1.38
2019-11-08,0.0,386.3243679974591,313.2128571428571,-0.99
2019-11-15,0.0,397.1386403818707,313.8657142857142,-1.29
2019-11-22,0.0,270.9329774173471,307.3785714285713,-0.28
2019-11-29,0.0,346.0329000617604,342.46714285714285,0.32
2019-12-06,0.0,232.2687319277787,301.64714285714297,-0.03
2019-12-13,0.0,688.3986500419156,353.5885714285717,-0.04
2019-12-20,0.0,1154.7885972325746,361.72857142857157,-0.2
2019-12-27,0.0,894.1171428571428,390.66,-0.72
2020-01-03,0.0,2435.761429826834,529.4371428571428,0.43
2020-01-10,0.0,657.5844114805899,411.68142857142874,0.1
2020-01-17,0.0,569.2616023299814,540.7714285714285,-0.26
2020-01-24,0.0,644.5830249770215,726.6242857142859,-0.03
2020-01-31,0.0,841.6043528573553,767.6642857142857,-0.47
2020-02-07,0.0,1262.0885714285723,831.8671428571434,-0.67
2020-02-14,0.0,1345.5071564667792,885.6928571428568,-0.84
2020-02-21,0.0,971.2600439791811,877.821428571429,-0.93
2020-02-28,0.0,924.2000709915707,913.9999999999997,-0.95
2020-03-06,0.0,795.5273830769905,884.8857142857145,-1.2
2020-03-13,0.0,789.8687133529404,864.6285714285721,-1.38
2020-03-20,0.0,574.5931009361454,719.867142857143,-1.63
2020-03-27,0.0,387.75739217515866,529.7228571428574,-1.63
2020-04-03,0.0,112.65026965371408,259.40428571428566,-1.7
2020-04-10,0.0,164.67025246828544,311.09428571428555,-1.95
2020-04-17,0.0,111.90740219019607,255.9985714285714,-2.01
2020-04-24,0.0,508.585791735339,347.32857142857137,-2.11
2020-05-01,0.0,893.4428629238381,665.5171428571432,-2.2
2020-05-08,0.0,600.8101805763018,609.0257142857146,-2.41
2020-05-15,0.0,490.6458769971634,533.0614285714286,-2.46
2020-05-22,0.0,299.57004941692304,263.6142857142857,-2.23
2020-05-29,0.0,2442.5971303971196,779.5000000000002,-2.51
2020-06-05,0.0,4366.867165816499,1220.5271428571427,-2.52
2020-06-12,0.0,6410.001435436194,2001.4457142857132,-2.74
2020-06-19,0.0,2754.8858386179418,1510.125714285716,-2.93
2020-06-26,0.0,3434.7300393078476,1569.551428571429,-2.91
2020-07-03,0.0,1662.5646147764514,1226.538571428572,-3.15
2020-07-10,0.0,2701.9257896571007,1441.8357142857146,-3.41
2020-07-17,0.0,3282.407205157259,1975.4099999999996,-3.63
2020-07-24,0.0,4599.705919523457,3063.6485714285704,-3.41
2020-07-31,0.0,7893.228658618173,5295.05,-3.58
2020-08-07,0.0,7751.934301112994,5492.811428571428,-3.75
2020-08-14,0.0,8379.933007627025,5150.605714285713,-3.68
2020-08-21,0.0,5631.972897101917,3311.9700000000003,-3.33
2020-08-28,0.0,5151.947162127863,3091.6271428571426,-2.32
2020-09-04,0.0,6073.788571428572,4342.225714285713,-1.75
2020-09-11,0.0,6873.162858750905,3685.478571428571,-1.87
2020-09-18,0.0,7568.864285714286,3799.75142857143,-2.16
2020-09-25,0.0,8329.500004779478,4732.714285714287,-3.1
2020-10-02,0.0,9149.968814257967,4964.792857142855,-2.54
2020-10-09,0.0,12025.540000500758,5461.474285714291,-2.42
2020-10-16,0.0,7536.202868098275,4091.904285714286,-2.99
2020-10-23,0.0,5048.468573791275,2249.928571428572,0.08
2020-10-30,0.0,4021.2471447331995,1436.5928571428574,-0.37
2020-11-06,0.0,2531.624286708737,952.4785714285717,-0.39
2020-11-13,0.0,6525.187146992461,1560.1514285714288,-0.8
2020-11-20,0.0,3919.234287587991,1900.3300000000002,-0.13
2020-11-27,0.0,2948.6285935886053,1745.2857142857142,-0.57
2020-12-04,0.0,2624.5286409390455,1573.2657142857145,2.54
2020-12-11,0.0,2824.264396632004,1587.844285714286,2.24
2020-12-18,0.0,2570.5385865686744,1765.271428571428,2.2
2020-12-25,0.0,2257.0128780098703,1456.0599999999997,2.15
2021-01-01,0.0,1489.6387334088754,991.8757142857138,2.03
2021-01-08,0.0,1048.2974031070653,837.5942857142853,1.93
2021-01-15,0.0,807.8045405570289,722.1400000000002,2.04
2021-01-22,0.0,928.4788408942094,795.3342857142853,2.4
2021-01-29,0.0,848.4759533535974,914.2442857142859,1.96
2021-02-05,0.0,688.5632394069713,906.7899999999998,1.92
2021-02-12,0.0,1083.518662121085,930.0914285714283,1.94
2021-02-19,0.0,1998.5728693818912,1025.9614285714288,1.52
2021-02-26,0.0,1356.4886942467867,1046.3199999999995,1.84
2021-03-05,0.0,950.2344658909258,947.6214285714283,1.6
2021-03-12,0.0,916.7143712652771,919.9942857142862,0.97
2021-03-19,0.0,813.9258552485462,889.697142857144,0.48
2021-03-26,0.0,659.1515953946853,751.9271428571428,0.63
2021-04-02,0.0,691.2329772762906,756.5814285714289,0.62
2021-04-09,0.0,624.8787349605014,710.6357142857144,0.34
2021-04-16,0.0,719.640008999428,615.3885714285713,-0.05
2021-04-23,0.0,1541.5228612217531,957.2928571428581,0.06
2021-04-30,0.0,1061.1472735463324,900.894285714286,0.4
2021-05-07,0.0,747.1044968058892,807.3071428571423,-0.15
2021-05-14,0.0,499.7559427508223,561.3628571428569,-1.18
2021-05-21,0.0,250.92603048819547,428.92285714285754,-1.24
2021-05-28,0.0,13.353258919838343,243.05142857142863,-1.39
2021-06-04,0.0,278.3059691284572,302.4957142857143,-1.45
2021-06-11,0.0,307.5814842183634,264.6985714285715,-1.69
2021-06-18,0.0,201.94867463518034,250.80714285714276,-1.81
2021-06-25,0.0,452.8986170134494,366.02714285714274,-1.61
2021-07-02,0.0,1232.425714285715,781.8985714285719,-1.64
2021-07-09,0.0,4131.5542857142855,1010.0185714285714,-1.59
2021-07-16,0.0,3491.878571428572,1194.8957142857146,-1.84
2021-07-23,0.0,2629.438571428571,1303.1085714285712,-1.84
2021-07-30,0.0,3973.718575660277,1538.3585714285712,0.29
2021-08-06,0.0,4838.635714285714,1714.5014285714283,1.4
2021-08-13,0.0,5301.581428571429,1991.1942857142851,1.81
2021-08-20,0.0,5372.351432474003,2353.5642857142852,2.06
2021-08-27,0.0,3273.46000808726,2123.514285714286,1.96
2021-09-03,0.0,3078.164287381108,1954.9442857142858,1.39
2021-09-10,0.0,2567.514285714285,1651.7085714285713,1.68
2021-09-17,0.0,3514.054285714286,1659.8899999999999,1.9
2021-09-24,0.0,7297.757142857144,2460.0,1.31
2021-10-01,0.0,8963.228595925446,3242.8599999999997,1.04
2021-10-08,0.0,4133.307153883087,2323.471428571428,1.66
2021-10-15,0.0,4700.944295517737,1895.45,2.01
2021-10-22,0.0,3032.7714899006046,1783.5400000000002,1.55
2021-10-29,0.0,2495.8600498871124,1656.997142857143,1.2
2021-11-05,0.0,2266.9214285714284,1440.5214285714287,1.29
2021-11-12,0.0,3371.895804797206,1495.6971428571437,1.06
2021-11-19,0.0,2753.134306825798,1382.4871428571435,0.48
2021-11-26,0.0,1493.0442916621846,684.8000000000009,0.36
2021-12-03,0.0,1000.4571428571429,517.7457142857146,-0.17
2021-12-10,0.0,704.5457361730384,472.02857142857147,-0.44
2021-12-17,0.0,679.5257207179076,391.45428571428585,-1.24
2021-12-24,0.0,634.0942857142857,390.2371428571429,-1.32
2021-12-31,0.0,440.2185714285714,376.21000000000004,-1.59
2022-01-07,0.0,513.3500136260934,361.4414285714285,-1.73
2022-01-14,0.0,361.7757934891461,332.77142857142866,-1.78
2022-01-21,0.0,494.83287131672154,360.5328571428572,-1.94
2022-01-28,0.0,861.0329549634447,647.1885714285715,-2.01
2022-02-04,0.0,1053.1886507495506,1037.4757142857143,-2.21
2022-02-11,0.0,1142.1371731467545,1093.4571428571428,-2.19
2022-02-18,0.0,1098.2429142238707,1097.5171428571434,-2.25
2022-02-25,0.0,948.6815048126653,970.2699999999992,-2.07
2022-03-04,0.0,477.97584504543204,536.7228571428575,-0.05
2022-03-11,0.0,236.9672622147634,290.6085714285715,-0.6
2022-03-18,0.0,553.0214800031135,553.6299999999998,-0.66
2022-03-25,0.0,716.8944410884269,809.4314285714288,-1.07
2022-04-01,0.0,741.6173420059321,844.1714285714287,-1.44
2022-04-08,0.0,842.387312689613,941.4785714285717,-1.2
2022-04-15,0.0,971.2058455626399,1046.8114285714285,0.29
2022-04-22,0.0,1240.7285954082397,1227.6185714285718,0.4
2022-04-29,0.0,1426.6102195315073,1556.5400000000006,0.61
2022-05-06,0.0,1555.6372680921334,1610.9885714285717,-0.24
2022-05-13,0.0,1246.397443848992,1429.1100000000008,-0.3
2022-05-20,0.0,1132.7043770015898,1188.0000000000005,-0.5
2022-05-27,0.0,794.3229869151772,854.6757142857151,-0.78
2022-06-03,0.0,524.6371584674365,504.6028571428573,-0.7
2022-06-10,0.0,736.9985714285714,322.7742857142857,-0.9
2022-06-17,0.0,997.0871428571426,338.3571428571428,-0.78
2022-06-24,0.0,728.015785919094,247.22428571428563,-0.94
2022-07-01,0.0,1169.7357299242194,390.41428571428605,-0.75
2022-07-08,0.0,777.7386087851322,265.06428571428575,-0.91
2022-07-15,0.0,731.1971428571429,171.8614285714286,-0.98
2022-07-22,0.0,664.8157142857144,100.00428571428574,-0.72
2022-07-29,0.0,356.9328736676694,107.12857142857148,-0.51
2022-08-05,0.0,278.46294462162524,223.48714285714286,-0.8
2022-08-12,0.0,80.8543504828978,87.85428571428557,-1.13
2022-08-19,0.0,138.11721387927622,65.6657142857143,-1.03
2022-08-26,0.0,272.1000345589328,236.36142857142855,0.38
2022-09-02,0.0,1037.568591011966,771.5399999999993,0.59
2022-09-09,0.0,724.7729249206825,327.2614285714285,0.21
2022-09-16,0.0,1683.971436658689,423.41000000000014,-1.45
2022-09-23,0.0,6680.068571428571,1418.438571428572,-1.04
2022-09-30,0.0,14016.392872282964,5958.4500000000035,-1.14
2022-10-07,0.0,19212.96428571428,11142.369999999994,0.12
2022-10-14,0.0,16945.958577557485,13865.719999999992,0.99
2022-10-21,0.0,15707.77571837637,13264.554285714292,1.04
2022-10-28,0.0,10612.667176734307,9435.972857142862,1.8
2022-11-04,0.0,5396.858582713126,4616.020000000006,1.53
2022-11-11,0.0,4723.077170245684,2638.8928571428573,1.36
2022-11-18,0.0,5305.682885330721,3029.767142857142,0.41
2022-11-25,0.0,5218.234285714286,3123.215714285714,-0.63
2022-12-02,0.0,4292.548571428572,2936.6414285714286,-0.96
2022-12-09,0.0,2522.62,1878.5685714285714,-1.34
2022-12-16,0.0,2149.4157142857143,1580.1928571428575,-1.78
2022-12-23,0.0,2425.7614285714285,1602.1185714285714,-1.57
2022-12-30,0.0,2168.6099999999997,1544.3414285714282,-1.37
2023-01-06,0.0,2002.7185714332732,1477.4528571428568,-1.27
2023-01-13,0.0,1711.8600000000004,1469.7200000000005,-1.43
2023-01-20,0.0,1583.2571434119666,1361.3785714285716,-1.57
2023-01-27,0.0,1615.804285714286,1394.264285714286,-1.63
2023-02-03,0.0,1498.667142857143,1413.4557142857143,-1.78
2023-02-10,0.0,1404.6130349873577,1416.454285714286,-1.76
2023-02-17,0.0,1367.691428571429,1343.8285714285719,-1.69
2023-02-24,0.0,1329.8514285714289,1293.678571428572,-1.62
2023-03-03,0.0,1135.2785733257858,1132.3971428571424,-1.31
2023-03-10,0.0,668.1701275741826,743.1642857142853,-0.66
2023-03-17,0.0,591.5643862408135,609.0414285714279,-0.6
2023-03-24,0.0,458.85297581870253,529.0428571428571,-0.8
2023-03-31,0.0,538.2414817780793,551.512857142857,-1.41
2023-04-07,0.0,383.200021379519,396.108571428571,-0.64
2023-04-14,0.0,281.3871603481946,286.44428571428574,-1.19
2023-04-21,0.0,417.74000000000007,300.7671428571429,-1.51
2023-04-28,0.0,427.2157142857142,278.5671428571428,-1.61
2023-05-05,0.0,389.02000729264006,237.9542857142857,-1.6
2023-05-12,0.0,204.96727004341946,248.5485714285714,-1.88
2023-05-19,0.0,94.35310773038444,237.90571428571425,-2.23
2023-05-26,0.0,738.2829498407291,406.0571428571428,-2.55
2023-06-02,0.0,846.3571428571423,370.08142857142815,-2.68
2023-06-09,0.0,1770.8242857142852,500.921428571428,-2.86
2023-06-16,0.0,1797.0328571428581,599.2685714285718,-2.97
2023-06-23,0.0,5004.625714285715,1552.9885714285713,-2.32
2023-06-30,0.0,5876.387142857142,2598.7957142857135,-2.44
2023-07-07,0.0,4613.295714285713,3011.349999999999,-2.68
2023-07-14,0.0,3882.6200000000003,2099.78,-2.72
2023-07-21,0.0,4164.064286508905,1948.6057142857148,-2.67
2023-07-28,0.0,3245.052861304036,1351.7957142857151,-1.88
2023-08-04,0.0,4676.521428571427,1402.264285714286,-0.92
2023-08-11,0.0,3744.0185714285717,1471.2328571428575,-1.16
2023-08-18,0.0,2528.5928621856397,1040.5014285714283,-1.69
2023-08-25,0.0,2372.8828571428576,849.4928571428578,-2.21
2023-09-01,0.0,1437.334294224717,522.257142857143,-2.27
2023-09-08,0.0,2059.804307947198,567.9299999999992,-2.11
2023-09-15,0.0,1886.445717718098,502.5914285714289,-2.12
2023-09-22,0.0,2763.6228571428555,702.334285714285,-2.16
2023-09-29,0.0,4536.497142857142,1351.0471428571423,-2.15
2023-10-06,0.0,9509.234285714285,2969.918571428572,-0.3
2023-10-13,0.0,6893.899999999999,4483.8785714285705,-0.64
2023-10-20,0.0,5333.1228571428555,3609.469999999998,-0.57
2023-10-27,0.0,3078.314285909414,2167.6642857142856,-1.2
2023-11-03,0.0,2199.1685722325956,1685.9242857142858,-1.46
2023-11-10,0.0,1846.884285714286,1599.0700000000002,-1.35
2023-11-17,0.0,2053.7871428571425,1513.7000000000003,-1.22
2023-11-24,0.0,1474.4185746070525,1125.8799999999999,-1.48
2023-12-01,0.0,948.4471558179182,829.0285714285716,-1.17
2023-12-08,0.0,885.2000000681772,790.5542857142856,0.11
2023-12-15,0.0,1088.8242857142868,789.358571428572,-0.18
2023-12-22,0.0,1340.1742857142858,808.6185714285714,-0.03
2023-12-29,0.0,1554.428571428572,876.0714285714291,-0.07
2024-01-05,0.0,1469.0749999999998,910.3149999999997,0.43
